{"cameraMode":{"drawMode":0,"name":"Shaded","section":"Shading Mode"},"sceneLighting":true,"audioPlay":false,"sceneViewState":{"m_AlwaysRefresh":false,"showFog":true,"showSkybox":true,"showFlares":true,"showImageEffects":true,"showParticleSystems":true,"showVisualEffectGraphs":true,"m_FxEnabled":true},"in2DMode":false,"pivot":{"x":67.9531478881836,"y":8.196100234985352,"z":-0.7154998779296875},"rotation":{"x":0.24958539009094239,"y":0.14030300080776215,"z":-0.036570802330970767,"w":0.957455575466156},"size":25.531105041503908,"orthographic":false}