{"cameraMode":{"drawMode":0,"name":"Shaded","section":"Shading Mode"},"sceneLighting":true,"audioPlay":false,"sceneViewState":{"m_AlwaysRefresh":false,"showFog":true,"showSkybox":true,"showFlares":true,"showImageEffects":true,"showParticleSystems":true,"showVisualEffectGraphs":true,"m_FxEnabled":true},"in2DMode":false,"pivot":{"x":46.02671813964844,"y":5.9567718505859379,"z":-1.1475372314453126},"rotation":{"x":0.27527227997779848,"y":-0.10214424878358841,"z":0.029428960755467416,"w":0.9554880261421204},"size":25.531105041503908,"orthographic":false}