{"cameraMode":{"drawMode":0,"name":"Shaded","section":"Shading Mode"},"sceneLighting":true,"audioPlay":false,"sceneViewState":{"m_AlwaysRefresh":false,"showFog":true,"showSkybox":true,"showFlares":true,"showImageEffects":true,"showParticleSystems":true,"showVisualEffectGraphs":true,"m_FxEnabled":true},"in2DMode":false,"pivot":{"x":0.6142906546592712,"y":-0.021938323974609376,"z":-0.003180980682373047},"rotation":{"x":0.2551289498806,"y":0.013055332005023957,"z":-0.0034408678766340019,"w":0.9668306708335877},"size":4.200507640838623,"orthographic":false}