{"cameraMode":{"drawMode":0,"name":"Shaded","section":"Shading Mode"},"sceneLighting":true,"audioPlay":false,"sceneViewState":{"m_AlwaysRefresh":false,"showFog":true,"showSkybox":true,"showFlares":true,"showImageEffects":true,"showParticleSystems":true,"showVisualEffectGraphs":true,"m_FxEnabled":true},"in2DMode":false,"pivot":{"x":-1.5505709648132325,"y":-0.1765417754650116,"z":1.3977699279785157},"rotation":{"x":-0.001347659039311111,"y":0.9986035823822022,"z":-0.0419660285115242,"w":-0.032068002969026569},"size":1.2315752506256104,"orthographic":true}